{"cookies":[{"name":"CookieConsentPolicy","value":"0:0","domain":"login.salesforce.com","path":"/","expires":1723422637.113924,"httpOnly":false,"secure":false,"sameSite":"Lax"},{"name":"LSKey-c$CookieConsentPolicy","value":"0:0","domain":"login.salesforce.com","path":"/","expires":1723422637.114477,"httpOnly":false,"secure":false,"sameSite":"Lax"},{"name":"BrowserId","value":"n44vYjlwEe6Wo637x-6gvw","domain":".salesforce.com","path":"/","expires":1723422637.114554,"httpOnly":false,"secure":false,"sameSite":"Lax"},{"name":"BrowserId_sec","value":"n44vYjlwEe6Wo637x-6gvw","domain":".salesforce.com","path":"/","expires":1723422637.114614,"httpOnly":false,"secure":true,"sameSite":"None"},{"name":"session","value":"1691886638395","domain":"login.salesforce.com","path":"/","expires":-1,"httpOnly":false,"secure":true,"sameSite":"None"},{"name":"inst","value":"APP_5j","domain":".salesforce.com","path":"/","expires":-1,"httpOnly":false,"secure":true,"sameSite":"None"},{"name":"rememberUn","value":"false","domain":".salesforce.com","path":"/","expires":1697381872.564266,"httpOnly":false,"secure":true,"sameSite":"None"},{"name":"com.salesforce.LocaleInfo","value":"in","domain":".salesforce.com","path":"/","expires":1697381872.564488,"httpOnly":false,"secure":true,"sameSite":"None"},{"name":"oinfo","value":"c3RhdHVzPUZSRUUmdHlwZT0zJm9pZD0wMEQ1ajAwMDAwQzhwTE8=","domain":".salesforce.com","path":"/","expires":1697381872.564579,"httpOnly":false,"secure":true,"sameSite":"None"},{"name":"sfdcConsent","value":"1,3,2,4","domain":".salesforce.com","path":"/","expires":1723820269,"httpOnly":false,"secure":false,"sameSite":"Lax"},{"name":"CookieConsentPolicy","value":"0:1","domain":"testleaf30-dev-ed.develop.my.salesforce.com","path":"/","expires":1723422639.850703,"httpOnly":false,"secure":false,"sameSite":"Lax"},{"name":"LSKey-c$CookieConsentPolicy","value":"0:1","domain":"testleaf30-dev-ed.develop.my.salesforce.com","path":"/","expires":1723422639.850744,"httpOnly":false,"secure":false,"sameSite":"Lax"},{"name":"disco","value":"5j:00D5j00000C8pLO:0055j0000080rEb:3","domain":".salesforce.com","path":"/","expires":-1,"httpOnly":false,"secure":true,"sameSite":"None"},{"name":"autocomplete","value":"1","domain":".salesforce.com","path":"/","expires":1697381872.847321,"httpOnly":false,"secure":true,"sameSite":"None"},{"name":"sid_Client","value":"j0000080rEbj00000C8pLO","domain":"testleaf30-dev-ed.develop.my.salesforce.com","path":"/","expires":-1,"httpOnly":false,"secure":true,"sameSite":"None"},{"name":"oid","value":"00D5j00000C8pLO","domain":"testleaf30-dev-ed.develop.my.salesforce.com","path":"/","expires":1723733872.847937,"httpOnly":false,"secure":true,"sameSite":"None"},{"name":"_cq_duid","value":"1.1691886640.rvsG2mxHvecpuhpO","domain":".salesforce.com","path":"/","expires":1700081870,"httpOnly":false,"secure":true,"sameSite":"None"},{"name":"_cq_suid","value":"1.1691886640.qUAaPDbDdZcKirY8","domain":".salesforce.com","path":"/","expires":-1,"httpOnly":false,"secure":true,"sameSite":"None"},{"name":"BrowserId","value":"obMy5TlwEe6RI7vLGAKRpQ","domain":".force.com","path":"/","expires":1723422640.705752,"httpOnly":false,"secure":false,"sameSite":"Lax"},{"name":"BrowserId_sec","value":"obMy5TlwEe6RI7vLGAKRpQ","domain":".force.com","path":"/","expires":1723422640.705804,"httpOnly":false,"secure":true,"sameSite":"None"},{"name":"sid_Client","value":"j0000080rEbj00000C8pLO","domain":"testleaf30-dev-ed.develop.file.force.com","path":"/","expires":-1,"httpOnly":false,"secure":true,"sameSite":"None"},{"name":"inst","value":"APP_5j","domain":".force.com","path":"/","expires":-1,"httpOnly":false,"secure":true,"sameSite":"None"},{"name":"v0","value":"SFDC%20Network%7C%5BSalesforce.com%20App%5D","domain":".c.salesforce.com","path":"/","expires":-1,"httpOnly":false,"secure":true,"sameSite":"Lax"},{"name":"lastvaliddriver","value":"SFDC%20Network%7C%5BSalesforce.com%20App%5D","domain":".c.salesforce.com","path":"/","expires":1692802456,"httpOnly":false,"secure":true,"sameSite":"Lax"},{"name":"c22","value":"SFDC%20Network","domain":".c.salesforce.com","path":"/","expires":-1,"httpOnly":false,"secure":true,"sameSite":"Lax"},{"name":"cvtdt","value":"SFDC%20Network","domain":".c.salesforce.com","path":"/","expires":1726757657.136499,"httpOnly":false,"secure":true,"sameSite":"Lax"},{"name":"c40","value":"SFDC%20Network","domain":".c.salesforce.com","path":"/","expires":-1,"httpOnly":false,"secure":true,"sameSite":"Lax"},{"name":"v20","value":"Direct%20Landing","domain":".c.salesforce.com","path":"/","expires":-1,"httpOnly":false,"secure":true,"sameSite":"Lax"},{"name":"convertingPageUrl","value":"Direct%20Landing","domain":".c.salesforce.com","path":"/","expires":-1,"httpOnly":false,"secure":true,"sameSite":"Lax"},{"name":"_gid","value":"GA1.2.735558523.1692197661","domain":".salesforce.com","path":"/","expires":1692284269,"httpOnly":false,"secure":false,"sameSite":"Lax"},{"name":"cg_uuid","value":"e879c753664d1b91c25a731de8fd29e2","domain":"bite.australiarevival.com","path":"/","expires":1721228063.239284,"httpOnly":true,"secure":true,"sameSite":"None"},{"name":"webact","value":"%7B%22l_vdays%22%3A-1%2C%22l_visit%22%3A1691886638891%2C%22session%22%3A1692197868327%2C%22l_search%22%3A%22%22%2C%22l_dtype%22%3A%22SFDC%20Network%22%2C%22l_page%22%3A%22SFDC%3Ain%3Alogin%3Adeveloper%22%2C%22l_page_url%22%3A%22https%3A%2F%2Fc.salesforce.com%2Flogin-messages%2Fin%2Fpromos.html%22%2C%22counter%22%3A1%2C%22pv%22%3A3%2C%22f_visit%22%3A1691886638891%2C%22seg%22%3A%22non-customer%3Ain%22%2C%22developer%22%3A1692197655178%2C%22d%22%3A%2270130000000sUW0%22%7D","domain":".salesforce.com","path":"/","expires":1723733867,"httpOnly":false,"secure":true,"sameSite":"Lax"},{"name":"_ga_S6WMKB0ZK3","value":"GS1.1.1692197659.2.1.1692197869.0.0.0","domain":".salesforce.com","path":"/","expires":1726757869.702318,"httpOnly":false,"secure":false,"sameSite":"Lax"},{"name":"_ga","value":"GA1.2.1503808038.1691886640","domain":".salesforce.com","path":"/","expires":1726757869.986919,"httpOnly":false,"secure":false,"sameSite":"Lax"},{"name":"_dc_gtm_UA-140200881-1","value":"1","domain":".salesforce.com","path":"/","expires":1692197930,"httpOnly":false,"secure":false,"sameSite":"Lax"},{"name":"OptanonConsent","value":"isGpcEnabled=0&datestamp=Wed+Aug+16+2023+20%3A27%3A50+GMT%2B0530+(India+Standard+Time)&version=202306.1.0&browserGpcFlag=0&isIABGlobal=false&hosts=&consentId=358201b2-1ce2-48e3-9960-ce68371100b6&interactionCount=0&landingPath=NotLandingPage&groups=1%3A1%2C3%3A1%2C2%3A1%2C4%3A1&AwaitingReconsent=false","domain":".salesforce.com","path":"/","expires":1723733870,"httpOnly":false,"secure":false,"sameSite":"Lax"},{"name":"79eb100099b9a8bf","value":"3:false:.salesforce.com","domain":".salesforce.com","path":"/","expires":-1,"httpOnly":false,"secure":true,"sameSite":"None"},{"name":"sfdc_lv2","value":"KxG83HUae0k3q91JiQ6Hu2d1fe6KhuXnvigHjRTpvlYEg9xB6Dfowe/x4vIXi453U=","domain":".salesforce.com","path":"/","expires":1723733872.847122,"httpOnly":false,"secure":true,"sameSite":"None"},{"name":"sid","value":"00D5j00000C8pLO!ARoAQB5um3erU06nbzXt.p.GdjYmLlgRKZRcb1EwS1Sv_UReBGoDu1HtB0Uc2Uht9UUIefmSfizGXLbTJe0wSbh6IZNrARlZ","domain":"testleaf30-dev-ed.develop.my.salesforce.com","path":"/","expires":-1,"httpOnly":false,"secure":true,"sameSite":"None"},{"name":"clientSrc","value":"27.62.35.127","domain":"testleaf30-dev-ed.develop.my.salesforce.com","path":"/","expires":-1,"httpOnly":false,"secure":true,"sameSite":"None"},{"name":"CookieConsentPolicy","value":"0:1","domain":"testleaf30-dev-ed.develop.file.force.com","path":"/","expires":1723733874.056099,"httpOnly":false,"secure":false,"sameSite":"Lax"},{"name":"LSKey-c$CookieConsentPolicy","value":"0:1","domain":"testleaf30-dev-ed.develop.file.force.com","path":"/","expires":1723733874.056324,"httpOnly":false,"secure":false,"sameSite":"Lax"},{"name":"sid","value":"00D5j00000C8pLO!ARoAQEJR7_A5j9QJ8ufR_J3aeTl1pWCX62DOUUZg7gIYD6IdQyzBKkAtyyhoAX.0ei4f62GKlmrBZT1FNsNI2Ech0Z6qvJnG","domain":"testleaf30-dev-ed.develop.file.force.com","path":"/","expires":-1,"httpOnly":false,"secure":true,"sameSite":"None"},{"name":"clientSrc","value":"27.62.35.127","domain":"testleaf30-dev-ed.develop.file.force.com","path":"/","expires":-1,"httpOnly":false,"secure":true,"sameSite":"None"}],"origins":[{"origin":"https://c.salesforce.com","localStorage":[{"name":"webactls","value":"{\"chat\":0,\"kxsfdc\":{\"segs\":\"\"},\"l_cloud\":\"No Cloud\",\"lastvaliddriver\":\"SFDC Network|[Salesforce.com App]\"}"}]}]}