{"cookies":[{"name":"CookieConsentPolicy","value":"0:1","domain":"qeagle-dev-ed.my.salesforce.com","path":"/","expires":1700454754.975064,"httpOnly":false,"secure":false,"sameSite":"Lax"},{"name":"LSKey-c$CookieConsentPolicy","value":"0:1","domain":"qeagle-dev-ed.my.salesforce.com","path":"/","expires":1700454754.97521,"httpOnly":false,"secure":false,"sameSite":"Lax"},{"name":"BrowserId","value":"WwQerGiMEe2ue8khyLQOaw","domain":".salesforce.com","path":"/","expires":1700454754.975236,"httpOnly":false,"secure":false,"sameSite":"Lax"},{"name":"BrowserId_sec","value":"WwQerGiMEe2ue8khyLQOaw","domain":".salesforce.com","path":"/","expires":1700454754.975253,"httpOnly":false,"secure":true,"sameSite":"None"},{"name":"CookieConsentPolicy","value":"0:0","domain":"login.salesforce.com","path":"/","expires":1700454755.952124,"httpOnly":false,"secure":false,"sameSite":"Lax"},{"name":"LSKey-c$CookieConsentPolicy","value":"0:0","domain":"login.salesforce.com","path":"/","expires":1700454755.952164,"httpOnly":false,"secure":false,"sameSite":"Lax"},{"name":"session","value":"1668918756118","domain":"login.salesforce.com","path":"/","expires":-1,"httpOnly":false,"secure":true,"sameSite":"None"},{"name":"v0","value":"SFDC%20Network%7C%5BSalesforce.com%20App%5D","domain":".c.salesforce.com","path":"/","expires":-1,"httpOnly":false,"secure":true,"sameSite":"Lax"},{"name":"c22","value":"SFDC%20Network","domain":".c.salesforce.com","path":"/","expires":-1,"httpOnly":false,"secure":true,"sameSite":"Lax"},{"name":"cvtdt","value":"SFDC%20Network","domain":".c.salesforce.com","path":"/","expires":1703478757.27836,"httpOnly":false,"secure":true,"sameSite":"Lax"},{"name":"c40","value":"SFDC%20Network","domain":".c.salesforce.com","path":"/","expires":-1,"httpOnly":false,"secure":true,"sameSite":"Lax"},{"name":"v20","value":"Direct%20Landing","domain":".c.salesforce.com","path":"/","expires":-1,"httpOnly":false,"secure":true,"sameSite":"Lax"},{"name":"convertingPageUrl","value":"Direct%20Landing","domain":".c.salesforce.com","path":"/","expires":-1,"httpOnly":false,"secure":true,"sameSite":"Lax"},{"name":"cleared-onetrust-cookies","value":"","domain":".salesforce.com","path":"/","expires":1715275804,"httpOnly":false,"secure":false,"sameSite":"Lax"},{"name":"inst","value":"APP_5g","domain":".salesforce.com","path":"/","expires":-1,"httpOnly":false,"secure":true,"sameSite":"None"},{"name":"disco","value":"5g:00D5g000007oRrU:0055g00000B238K:1","domain":".salesforce.com","path":"/","expires":-1,"httpOnly":false,"secure":true,"sameSite":"None"},{"name":"sid_Client","value":"g00000B238Kg000007oRrU","domain":"qeagle-dev-ed.my.salesforce.com","path":"/","expires":-1,"httpOnly":false,"secure":true,"sameSite":"None"},{"name":"oid","value":"00D5g000007oRrU","domain":"qeagle-dev-ed.my.salesforce.com","path":"/","expires":1715256009.874271,"httpOnly":false,"secure":true,"sameSite":"None"},{"name":"BrowserId","value":"ZsFWImiMEe2veGE2VHVjXw","domain":".force.com","path":"/","expires":1700454774.683432,"httpOnly":false,"secure":false,"sameSite":"Lax"},{"name":"BrowserId_sec","value":"ZsFWImiMEe2veGE2VHVjXw","domain":".force.com","path":"/","expires":1700454774.683447,"httpOnly":false,"secure":true,"sameSite":"None"},{"name":"sid_Client","value":"g00000B238Kg000007oRrU","domain":"qeagle-dev-ed.file.force.com","path":"/","expires":-1,"httpOnly":false,"secure":true,"sameSite":"None"},{"name":"inst","value":"APP_5g","domain":".force.com","path":"/","expires":-1,"httpOnly":false,"secure":true,"sameSite":"None"},{"name":"CookieConsentPolicy","value":"0:1","domain":"qeagle-dev-ed.file.force.com","path":"/","expires":1700454774.884809,"httpOnly":false,"secure":false,"sameSite":"Lax"},{"name":"LSKey-c$CookieConsentPolicy","value":"0:1","domain":"qeagle-dev-ed.file.force.com","path":"/","expires":1700454774.884912,"httpOnly":false,"secure":false,"sameSite":"Lax"},{"name":"79eb100099b9a8bf","value":"3:false:.salesforce.com","domain":".salesforce.com","path":"/","expires":-1,"httpOnly":false,"secure":true,"sameSite":"None"},{"name":"_cq_duid","value":"1.1683708953.MqKt6zSIc87wi7Oj","domain":".salesforce.com","path":"/","expires":1691604006,"httpOnly":false,"secure":true,"sameSite":"None"},{"name":"_cq_suid","value":"1.1683708953.H15VQxN08YVoGKM7","domain":".salesforce.com","path":"/","expires":-1,"httpOnly":false,"secure":true,"sameSite":"None"},{"name":"pt","value":"v2:029cddf11f2d5d0446585e40eb71227d7573c038ef0cbefc204894ca312d1c7f|07e03721938b9572422193a64675440eb362272b3df165e8b1a1e29c98ae1bd5","domain":".ispot.tv","path":"/","expires":1718268953.770388,"httpOnly":false,"secure":true,"sameSite":"None"},{"name":"_gid","value":"GA1.2.1297356124.1683708954","domain":".salesforce.com","path":"/","expires":1683806406,"httpOnly":false,"secure":false,"sameSite":"Lax"},{"name":"cg_uuid","value":"c7c00ac1b39b390e63098fbf8036328c","domain":"bite.australiarevival.com","path":"/","expires":1712739354.248055,"httpOnly":true,"secure":true,"sameSite":"None"},{"name":"rememberUn","value":"false","domain":".salesforce.com","path":"/","expires":1688904009.647704,"httpOnly":false,"secure":true,"sameSite":"None"},{"name":"com.salesforce.LocaleInfo","value":"us","domain":".salesforce.com","path":"/","expires":1688904009.647725,"httpOnly":false,"secure":true,"sameSite":"None"},{"name":"oinfo","value":"c3RhdHVzPUZSRUUmdHlwZT0zJm9pZD0wMEQ1ZzAwMDAwN29SclU=","domain":".salesforce.com","path":"/","expires":1688904009.647737,"httpOnly":false,"secure":true,"sameSite":"None"},{"name":"autocomplete","value":"1","domain":".salesforce.com","path":"/","expires":1688904009.874205,"httpOnly":false,"secure":true,"sameSite":"None"},{"name":"webact","value":"%7B%22l_vdays%22%3A112%2C%22l_visit%22%3A1683708952236%2C%22session%22%3A1683720004236%2C%22l_search%22%3A%22%22%2C%22l_dtype%22%3A%22SFDC%20Network%22%2C%22l_page%22%3A%22SFDC%3Aus%3Alogin%3Adeveloper%22%2C%22l_page_url%22%3A%22https%3A%2F%2Fc.salesforce.com%2Flogin-messages%2Fpromos.html%22%2C%22counter%22%3A5%2C%22pv%22%3A1%2C%22f_visit%22%3A1668918756413%2C%22seg%22%3A%22non-customer%3Aus%22%2C%22d%22%3A%2270130000000sUW0%22%2C%22developer%22%3A1669007930278%7D","domain":".salesforce.com","path":"/","expires":1715256003,"httpOnly":false,"secure":true,"sameSite":"Lax"},{"name":"_ga_S6WMKB0ZK3","value":"GS1.1.1683720006.5.0.1683720006.0.0.0","domain":".salesforce.com","path":"/","expires":1718280006.449879,"httpOnly":false,"secure":false,"sameSite":"Lax"},{"name":"_ga","value":"GA1.2.1779302067.1668918759","domain":".salesforce.com","path":"/","expires":1718280006.520597,"httpOnly":false,"secure":false,"sameSite":"Lax"},{"name":"_dc_gtm_UA-140200881-1","value":"1","domain":".salesforce.com","path":"/","expires":1683720066,"httpOnly":false,"secure":false,"sameSite":"Lax"},{"name":"sfdc_lv2","value":"KxG83HeT3L7eP8u9dCCsB7AI9mVZP3LdYxKo8ccMnbyEIKIFl6YvU6mqn5hbM9+7s=","domain":".salesforce.com","path":"/","expires":1715256009.874166,"httpOnly":false,"secure":true,"sameSite":"None"},{"name":"sid","value":"00D5g000007oRrU!AQkAQN5rHfLEeZrvHKEA.wqZBhHoq9z7CG9zKcMXBZTY0A1x9lxsVKzEzaWQLz7Mrov_KXKidVDBdM2HOqIE_wS4Olgbq4DZ","domain":"qeagle-dev-ed.my.salesforce.com","path":"/","expires":-1,"httpOnly":false,"secure":true,"sameSite":"None"},{"name":"clientSrc","value":"106.198.92.96","domain":"qeagle-dev-ed.my.salesforce.com","path":"/","expires":-1,"httpOnly":false,"secure":true,"sameSite":"None"},{"name":"sid","value":"00D5g000007oRrU!AQkAQNrdWZp3YuiJ9FEGfWuZdG68sfhcomvrJupZD_sH6P_Wv.ZkUINeJz.UPK4eNcCVfBnFQlmr4GkpSbWjpM2IX3BEBn09","domain":"qeagle-dev-ed.file.force.com","path":"/","expires":-1,"httpOnly":false,"secure":true,"sameSite":"None"},{"name":"clientSrc","value":"106.198.92.96","domain":"qeagle-dev-ed.file.force.com","path":"/","expires":-1,"httpOnly":false,"secure":true,"sameSite":"None"}],"origins":[{"origin":"https://c.salesforce.com","localStorage":[{"name":"webactls","value":"{\"chat\":0,\"kxsfdc\":{\"segs\":\"\"},\"l_cloud\":\"No Cloud\",\"lastvaliddriver\":\"SFDC Network|[Salesforce.com App]\"}"}]}]}